,trn_loss,vld_loss,vld_rel_err,vld_rel_err_o,vld_rel_err_h
0,0.5176173496246338,0.5147402501106262,1.3495316219329834,1.3389146995544434,1.360148491859436
1,0.5168787773450215,0.5147402501106262,1.3495316219329834,1.3389146995544434,1.360148491859436
2,0.5168787908554077,0.5147402501106262,1.3495316219329834,1.3389146995544434,1.360148491859436
3,0.5168788123130799,0.5147402501106262,1.3495316219329834,1.3389146995544434,1.360148491859436
4,0.5168788051605224,0.5147402501106262,1.3495316219329834,1.3389146995544434,1.360148491859436
5,0.5168787995974223,0.5147402501106262,1.3495316219329834,1.3389146995544434,1.360148491859436
6,0.5168787980079651,0.5147402501106262,1.3495316219329834,1.3389146995544434,1.360148491859436
7,0.5168787852923076,0.5147402501106262,1.3495316219329834,1.3389146995544434,1.360148491859436
8,0.5168788170814514,0.5147402501106262,1.3495316219329834,1.3389146995544434,1.360148491859436
9,0.5168787940343221,0.5147402501106262,1.3495316219329834,1.3389146995544434,1.360148491859436
10,0.5168788282076517,0.5147402501106262,1.3495316219329834,1.3389146995544434,1.360148491859436
11,0.5168788035710653,0.5147402501106262,1.3495316219329834,1.3389146995544434,1.360148491859436
12,0.5168788067499797,0.5147402501106262,1.3495316219329834,1.3389146995544434,1.360148491859436
13,0.5168787964185079,0.5147402501106262,1.3495316219329834,1.3389146995544434,1.360148491859436
14,0.5168787892659505,0.5147402501106262,1.3495316219329834,1.3389146995544434,1.360148491859436
15,0.5168788123130799,0.5147402501106262,1.3495316219329834,1.3389146995544434,1.360148491859436
16,0.5168788043657938,0.5147402501106262,1.3495316219329834,1.3389146995544434,1.360148491859436
17,0.5168788027763367,0.5147402501106262,1.3495316219329834,1.3389146995544434,1.360148491859436
18,0.516878813902537,0.5147402501106262,1.3495316219329834,1.3389146995544434,1.360148491859436
19,0.5168788035710653,0.5147402501106262,1.3495316219329834,1.3389146995544434,1.360148491859436
20,0.5168788043657938,0.5147402501106262,1.3495316219329834,1.3389146995544434,1.360148491859436
